Location Identifier,Office Name,Office Address,Operating Hours,Desk Count,Parking Spaces,Security Available,,
58333,Michigan,"0504 Danielle Fields, East Jessicamouth, MI 22793",22,50,24,TRUE,Total 3rdgeneration alliance,Michigan
59567,Arizona,"115 Robert Circle, East Shawn, AZ 14532",23,112,33,FALSE,User-friendly solution-oriented software,Arizona
15436,Idaho,"3012 Patrick Rapids, Port Michael, ID 28284",4,28,38,TRUE,Customer-focused didactic portal,Idaho
81457,Pennsylvania,"1924 Jennifer Motorway, Joneschester, PA 79634",11,186,7,TRUE,Streamlined systemic matrix,Pennsylvania
62326,Headquarters,"806 Martin Harbor, Harttown, MI 84603",4,118,30,FALSE,Polarized tangible installation,Headquarters
12035,North Carolina,"744 Nathan Locks Apt. 153, New Kristi, NC 67704",14,141,26,FALSE,Vision-oriented interactive superstructure,North Carolina
17080,Oregon,"81977 Julia Stravenue Apt. 866, Travisport, OR 76343",17,64,37,FALSE,User-centric optimizing intranet,Oregon
11716,Arkansas,"13573 Rodriguez Summit Suite 828, Dustinville, AR 20490",10,121,46,TRUE,Face-to-face optimal forecast,Arkansas
59834,Wisconsin,"4016 Carmen Inlet, Lake Jared, WI 10541",15,151,15,FALSE,Sharable 4thgeneration initiative,Wisconsin
41586,Ohio,"83500 Barbara Field, Bakerview, OH 43957",18,102,48,TRUE,Focused directional migration,Ohio